Row_Label,Estimate,SE,P_Value
alpha[1],-0.5210715496663401,0.03568374779006199,0.0
alpha[2],0.15762640628750255,0.04150863072030596,0.00014619997185172373
alpha[3],0.5628620717391817,0.048739664140348075,0.0
beta[1],0.5825288921928318,0.12963751287374758,7.0055094993914935e-6
beta[2],-0.06913514975366487,0.1510144605632346,0.6470926639658909
beta[3],-0.8323000329674967,0.16444687636208358,4.166059279775425e-7
lambda,0.05159318253461785,0.0010364361513536767,0.0
