Row_Label,Estimate,SE,P_Value
alpha[1],-0.4691528006467293,0.06625431510199753,1.4301893003221267e-12
beta[1],0.9431407906821024,0.26861489432306057,0.0004462125276376572
lambda,0.04532548068615227,0.0023506337102228636,0.0
"sigma[1,1]",0.052705223880597014,0.0034194554048188543,0.0
"sigma[2,1]",0.38002726653033403,0.008964576741936875,0.0
"sigma[3,1]",0.6285919540229885,0.012961251170795399,0.0
"sigma[4,1]",0.8377483443708609,0.021405937955868978,0.0
